{"0.7612477368814572":{"user_id":7},"0.07034830600310782":{"user_id":4}}